{
  "eye": {
    "orientation": [
      0.2702418565750122,
      0.07281888276338577,
      -0.08300043642520905,
      0.9564401507377625
    ],
    "magnitude": 0.20310409367084503,
    "position": [
      33.994049072265625,
      -154.2540740966797,
      264.4239196777344
    ]
  },
  "radius": 333,
  "type": "ORTHOGRAPHIC"
}